player_id,player_lastname,player_firstname
acyqu01,Acy,Quincy
adamsst01,Adams,Steven
adrieje01,Adrien,Jeff
afflaar01,Afflalo,Arron
ajincal01,Ajinca,Alexis
aldrico01,Aldrich,Cole
aldrila01,Aldridge,LaMarcus
allenla01,Allen,Lavoy
allenra02,Allen,Ray
allento01,Allen,Tony
aminual01,Aminu,Al-Farouq
amundlo01,Amundson,Lou
anderch01,Andersen,Chris
anderal01,Anderson,Alan
anderja01,Anderson,James
anderry01,Anderson,Ryan
antetgi01,Antetokounmpo,Giannis
anthoca01,Anthony,Carmelo
anthojo01,Anthony,Joel
anticpe01,Antic,Pero
arizatr01,Ariza,Trevor
armsthi01,Armstrong,Hilton
arthuda01,Arthur,Darrell
asikom01,Ask,Omer
augusdj01,Augustin,D.J.
ayongu01,Ayon,Gustavo
pendeje02,Ayres,Jeff
babbch01,Babb,Chris
babbilu01,Babbitt,Luke
barbole01,Barbosa,Leandro
bareajo01,Barea,J.J.
bargnan01,Bargnani,Andrea
barneha02,Barnes,Harrison
barnema02,Barnes,Matt
bartowi01,Barton,Will
bassbr01,Bass,Brandon
battish01,Battier,Shane
batumni01,Batum,Nicolas
bayleje01,Bayless,Jerryd
baynear01,Baynes,Aron
bazemke01,Bazemore,Kent
bealbr01,Beal,Bradley
beaslmi01,Beasley,Michael
belinma01,Belinelli,Marco
bennean01,Bennett,Anthony
beverpa01,Beverley,Patrick
biedran01,Biedrins,Andris
billuch01,Billups,Chauncey
biyombi01,Biyombo,Bismack
blairde01,Blair,DeJuan
blakest01,Blake,Steve
blatcan01,Blatche,Andray
bledser01,Bledsoe,Eric
blueva01,Blue,Vander
boganke01,Bogans,Keith
bogutan01,Bogut,Andrew
bonnema01,Bonner,Matt
booketr01,Booker,Trevor
boozeca01,Boozer,Carlos
boshch01,Bosh,Chris
bradlav01,Bradley,Avery
brandel01,Brand,Elton
breweco01,Brewer,Corey
brewero02,Brewer,Ronnie
brookaa01,Brooks,Aaron
brookma01,Brooks,MarShon
brownlo01,Brown,Lorenzo
brownsh01,Brown,Shannon
bryanko01,Bryant,Kobe
budinch01,Budinger,Chase
bullore01,Bullock,Reggie
burketr01,Burke,Trey
burksal01,Burks,Alec
butleca01,Butler,Caron
butleji01,Butler,Jimmy
butlera01,Butler,Rasual
buyckdw01,Buycks,Dwight
bynuman01,Bynum,Andrew
bynumwi01,Bynum,Will
calatni01,Calathes,Nick
caldejo01,Calderon,Jose
caldwke01,Caldwell-Pope,Kentavious
canaais01,Canaan,Isaiah
carrode01,Carroll,DeMarre
cartevi01,Carter,Vince
cartemi01,Carter-Williams,Michael
casspom01,Casspi,Omri
chalmma01,Chalmers,Mario
chandty01,Chandler,Tyson
chandwi01,Chandler,Wilson
childjo01,Childress,Josh
chrisdi01,Christmas,Dionte
clarkea01,Clark,Earl
clarkia01,Clark,Ian
clavevi01,Claver,Victor
coleno01,Cole,Norris
collija04,Collins,Jason
collida01,Collison,Darren
collini01,Collison,Nick
conlemi01,Conley,Mike
copelch01,Copeland,Chris
couside01,Cousins,DeMarcus
covinro01,Covington,Robert
crabbal01,Crabbe,Allen
crawfja01,Crawford,Jamal
crawfjo02,Crawford,Jordan
crowdja01,Crowder,Jae
cunnida01,Cunningham,Dante
cunnija01,Cunningham,Jared
curryse01,Curry,Seth
curryst01,Curry,Stephen
dalemsa01,Dalembert,Samuel
danietr01,Daniels,Troy
datomlu01,Datome,Luigi
daviebr01,Davies,Brandon
davisan02,Davis,Anthony
davised01,Davis,Ed
davisgl01,Davis,Glen
dayeau01,Daye,Austin
decolna01,De Colo,Nando
dedmode01,Dedmon,Dewayne
dellama01,Dellavedova,Matthew
denglu01,Deng,Luol
derozde01,DeRozan,DeMar
diawbo01,Diaw,Boris
dienggo01,Dieng,Gorgui
douglto01,Douglas,Toney
douglch01,Douglas-Roberts,Chris
dragigo01,Dragic,Goran
drumman01,Drummond,Andre
dudleja01,Dudley,Jared
duncati01,Duncan,Tim
dunlemi02,Dunleavy,Mike
duranke01,Durant,Kevin
edwarsh01,Edwards,Shane
ellinwa01,Ellington,Wayne
ellismo01,Ellis,Monta
elyme01,Ely,Melvin
evansje01,Evans,Jeremy
evansre01,Evans,Reggie
evansty01,Evans,Tyreke
farieke01,Faried,Kenneth
farmajo01,Farmar,Jordan
favervi01,Faverani,Vitor
favorde01,Favors,Derrick
felixca01,Felix,Carrick
feltora01,Felton,Raymond
fieldla01,Fields,Landry
fishede01,Fisher,Derek
fournev01,Fournier,Evan
foyera01,Foye,Randy
frankja01,Franklin,Jamaal
fredeji01,Fredette,Jimmer
freeljo01,Freeland,Joel
fryech01,Frye,Channing
garcifr01,Garcia,Francisco
garneke01,Garnett,Kevin
garredi02,Garrett,Diante
gasolma01,Gasol,Marc
gasolpa01,Gasol,Pau
gayru01,Gay,Rudy
geeal01,Gee,Alonzo
georgpa01,George,Paul
gibsota01,Gibson,Taj
ginobma01,Ginobili,Manu
goberru01,Gobert,Rudy
gomesry01,Gomes,Ryan
goodedr01,Gooden,Drew
goodwar01,Goodwin,Archie
gordobe01,Gordon,Ben
gordoer01,Gordon,Eric
gortama01,Gortat,Marcin
grangda01,Granger,Danny
grayaa01,Gray,Aaron
greenda02,Green,Danny
greendr01,Green,Draymond
greenge01,Green,Gerald
greenje02,Green,Jeff
greenwi01,Green,Willie
griffbl01,Griffin,Blake
gutiejo01,Gutierrez,Jorge
hamiljo02,Hamilton,Jordan
hamilju01,Hamilton,Justin
hansbty01,Hansbrough,Tyler
hardati02,Hardaway,Tim
hardeja01,Harden,James
harklma01,Harkless,Maurice
harrejo01,Harrellson,Josh
harrial01,Harrington,Al
harride01,Harris,Devin
harriel01,Harris,Elias
harrima01,Harris,Manny
harrimi01,Harris,Mike
harrito02,Harris,Tobias
hasleud01,Haslem,Udonis
hawessp01,Hawes,Spencer
hayesch01,Hayes,Chuck
haywago01,Hayward,Gordon
hendege02,Henderson,Gerald
henryxa01,Henry,Xavier
hensojo01,Henson,John
hibbero01,Hibbert,Roy
hicksjj01,Hickson,J.J.
hilarne01,Hilario,Nene
hillge01,Hill,George
hilljo01,Hill,Jordan
hillso01,Hill,Solomon
hinriki01,Hinrich,Kirk
holidjr01,Holiday,Jrue
holliry01,Hollins,Ryan
hopsosc01,Hopson,Scotty
horfoal01,Horford,Al
howardw01,Howard,Dwight
hummero01,Hummel,Robbie
humphkr01,Humphries,Kris
ibakase01,Ibaka,Serge
iguodan01,Iguodala,Andre
ilyaser01,Ilyasova,Ersan
irvinky01,Irving,Kyrie
iveyro01,Ivey,Royal
jackja01,Jack,Jarrett
jacksre01,Jackson,Reggie
jacksst02,Jackson,Stephen
jamesbe01,James,Bernard
jamesda01,James,Damion
jamesle01,James,LeBron
jamesmi01,James,Mike
jamisan01,Jamison,Antawn
jeffeot01,Jeffers,Othyus
jeffeal01,Jefferson,Al
jefferi01,Jefferson,Richard
jenkijo01,Jenkins,John
jennibr01,Jennings,Brandon
jerebjo01,Jerebko,Jonas
johnsam01,Johnson,Amir
johnsch04,Johnson,Chris
johnsja01,Johnson,James
johnsjo02,Johnson,Joe
johnsor01,Johnson,Orlando
johnswe01,Johnson,Wesley
johnsda03,Johnson-Odom,Darius
jonesja02,Jones,James
jonespe01,Jones,Perry
jonesso01,Jones,Solomon
joneste01,Jones,Terrence
jordade01,Jordan,DeAndre
josepco01,Joseph,Cory
kamanch01,Kaman,Chris
kanteen01,Kanter,Enes
karasse01,Karasev,Sergey
kellyry01,Kelly,Ryan
kiddgmi01,Kidd-Gilchrist,Michael
kirilan01,Kirilenko,Andrei
knighbr03,Knight,Brandon
korveky01,Korver,Kyle
koufoko01,Koufos,Kosta
kravtvi01,Kravtsov,Viacheslav
kuzmiog01,Kuzmic,Ognjen
lambdo01,Lamb,Doron
lambje01,Lamb,Jeremy
landrca01,Landry,Carl
larkish01,Larkin,Shane
lawsoty01,Lawson,Ty
ledori01,Ledo,Ricky
leeco01,Lee,Courtney
leeda02,Lee,David
lenal01,Len,Alex
leonaka01,Leonard,Kawhi
leoname01,Leonard,Meyers
leuerjo01,Leuer,Jon
lewisra02,Lewis,Rashard
liggide01,Liggins,DeAndre
lillada01,Lillard,Damian
linje01,Lin,Jeremy
livinsh01,Livingston,Shaun
lopezbr01,Lopez,Brook
lopezro01,Lopez,Robin
loveke01,Love,Kevin
lowryky01,Lowry,Kyle
lucasjo02,Lucas III,John
macksh01,Mack,Shelvin
mahinia01,Mahinmi,Ian
mariosh01,Marion,Shawn
marshke01,Marshall,Kendall
martica01,Martin,Cartier
martike01,Martin,Kenyon
martike02,Martin,Kevin
masonro01,Mason,Roger
matthwe02,Matthews,Wesley
maxieja01,Maxiell,Jason
maynoer01,Maynor,Eric
mayooj01,Mayo,O.J.
mbahalu01,Mbah-a-Moute,Luc
mccalra01,McCallum,Ray
mccolcj01,McCollum,CJ
mcgeeja01,McGee,JaVale
mclembe01,McLemore,Ben
mcrobjo01,McRoberts,Josh
meeksjo01,Meeks,Jodie
mekelga01,Mekel,Gal
middlkh01,Middleton,Khris
milescj01,Miles,C.J.
millean02,Miller,Andre
milleda01,Miller,Darius
millemi01,Miller,Mike
millequ01,Miller,Quincy
millspa02,Mills,Patty
millspa01,Millsap,Paul
mitchto02,Mitchell,Tony
mitchto03,Mitchell,Tony
mohamna01,Mohammed,Nazr
monrogr01,Monroe,Greg
mooreet01,Moore,E'Twaun
morrida01,Morris,Darius
morrima03,Morris,Marcus
morrima02,Morris,Markieff
morroan01,Morrow,Anthony
motiedo01,Motiejunas,Donatas
moultar01,Moultrie,Arnett
mozgoti01,Mozgov,Timofey
muhamsh01,Muhammad,Shabazz
mulleby01,Mullens,Byron
murpher01,Murphy,Erik
murryto01,Murry,Toure'
muscami01,Muscala,Mike
ndiayha01,N'Diaye,Hamady
nashst01,Nash,Steve
nealga01,Neal,Gary
nedovne01,Nedovic,Nemanja
nelsoja01,Nelson,Jameer
nichoan01,Nicholson,Andrew
noahjo01,Noah,Joakim
novakst01,Novak,Steve
nowitdi01,Nowitzki,Dirk
nunnaja01,Nunnally,James
onealje01,O'Neal,Jermaine
oquinky01,O'Quinn,Kyle
odengr01,Oden,Greg
oladivi01,Oladipo,Victor
olynyke01,Olynyk,Kelly
onuakar01,Onuaku,Arinze
ortonda01,Orton,Daniel
outlatr01,Outlaw,Travis
pachuza01,Pachulia,Zaza
pargoja01,Pargo,Jannero
parketo01,Parker,Tony
parsoch01,Parsons,Chandler
pattepa01,Patterson,Patrick
paulch01,Paul,Chris
pekovni01,Pekovic,Nikola
perkike01,Perkins,Kendrick
piercpa01,Pierce,Paul
pittmde01,Pittman,Dexter
plumlma01,Plumlee,Mason
plumlmi01,Plumlee,Miles
pondequ01,Pondexter,Quincy
porteot01,Porter,Otto
poweljo01,Powell,Josh
pressph01,Pressey,Phil
priceaj01,Price,A.J.
pricero01,Price,Ronnie
prigipa01,Prigioni,Pablo
princta01,Prince,Tayshaun
radulmi01,Raduljica,Miroslav
randoan01,Randolph,Anthony
randosh01,Randolph,Shavlik
randoza01,Randolph,Zach
redicjj01,Redick,J.J.
ricegl02,Rice,Glen
ridnolu01,Ridnour,Luke
riverau01,Rivers,Austin
roberan03,Roberson,Andre
roberbr01,Roberts,Brian
robinna01,Robinson,Nate
robinth01,Robinson,Thomas
rondora01,Rondo,Rajon
rosede01,Rose,Derrick
rosste01,Ross,Terrence
rubiori01,Rubio,Ricky
rushbr01,Rush,Brandon
sacrero01,Sacre,Robert
salmojo01,Salmons,John
sandela01,Sanders,Larry
schrode01,Schroder,Dennis
scolalu01,Scola,Luis
scottmi01,Scott,Mike
sefolth01,Sefolosha,Thabo
serapke01,Seraphin,Kevin
sessira01,Sessions,Ramon
shakumu01,Shakur,Mustafa
shengto01,Shengelia,Tornike
shumpim01,Shumpert,Iman
shvedal01,Shved,Alexey
simshe01,Sims,Henry
singlky01,Singler,Kyle
singlch01,Singleton,Chris
sivape01,Siva,Peyton
sloando01,Sloan,Donald
smithch05,Smith,Chris
smithgr02,Smith,Greg
smithis01,Smith,Ish
smithjr01,Smith,J.R.
smithja02,Smith,Jason
smithjo03,Smith,Josh
snellto01,Snell,Tony
southja01,Southerland,James
speigma01,Speights,Marreese
splitti01,Splitter,Tiago
stephdj01,Stephens,D.J.
stephla01,Stephenson,Lance
stiemgr01,Stiemsma,Greg
stoneju01,Stone,Julyan
stoudam01,Stoudemire,Amar'e
stuckro01,Stuckey,Rodney
sullija01,Sullinger,Jared
tayloje03,Taylor,Jeffery
tayloty01,Taylor,Tyshawn
teaguje01,Teague,Jeff
teaguma01,Teague,Marquis
teletmi01,Teletovic,Mirza
templga01,Temple,Garrett
terryja01,Terry,Jason
thabeha01,Thabeet,Hasheem
thomaad01,Thomas,Adonis
thomais02,Thomas,Isaiah
thomala01,Thomas,Lance
thomama01,Thomas,Malcolm
thompho01,Thompson,Hollis
thompja02,Thompson,Jason
thompkl01,Thompson,Klay
thomptr01,Thompson,Tristan
thornma01,Thornton,Marcus
tinslja01,Tinsley,Jamaal
tollian01,Tolliver,Anthony
tuckepj01,Tucker,P.J.
turiaro01,Turiaf,Ronny
turkohe01,Turkoglu,Hedo
turneev01,Turner,Evan
tylerje01,Tyler,Jeremy
udohek01,Udoh,Ekpe
udrihbe01,Udrih,Beno
valanjo01,Valanciunas,Jonas
varejan01,Varejao,Anderson
varnaja01,Varnado,Jarvis
vasqugr01,Vasquez,Greivis
veselja01,Vesely,Jan
villach01,Villanueva,Charlie
vucevni01,Vucevic,Nikola
vujacsa01,Vujacic,Sasha
wadedw01,Wade,Dwyane
waitedi01,Waiters,Dion
walkeke02,Walker,Kemba
walljo01,Wall,John
wallage01,Wallace,Gerald
wareca01,Ware,Casper
watsocj01,Watson,C.J.
watsoea01,Watson,Earl
waynsma01,Wayns,Maalik
webstma02,Webster,Martell
westda01,West,David
westbru01,Westbrook,Russell
whitedj01,White,D.J.
whitero03,White,Royce
willide01,Williams,Deron
willide02,Williams,Derrick
williel01,Williams,Elliot
willilo02,Williams,Lou
willima02,Williams,Marvin
willima01,Williams,Mo
willire02,Williams,Reggie
willish03,Williams,Shawne
witheje01,Withey,Jeff
woltena01,Wolters,Nate
artesro01,World Peace,Metta
wrighbr03,Wright,Brandan
wrighch01,Wright,Chris
wrighdo01,Wright,Dorell
wroteto01,Wroten,Tony
youngni01,Young,Nick
youngth01,Young,Thaddeus
zelleco01,Zeller,Cody
zellety01,Zeller,Tyler
adamsjo01,Adams,Jordan
aldemfu01,Aldemir,Furkan
anderky01,Anderson,Kyle
bairsca01,Bairstow,Cameron
barroea01,Barron,Earl
benimje01,Benimon,Jerrelle
bhullsi01,Bhullar,Sim
blackta01,Black,Tarik
bogdabo02,Bogdanovic,Bojan
brownja01,Brown,Jabari
brownma02,Brown,Markel
cabocbr01,Caboclo,Bruno
capelca01,Capela,Clint
cherrwi01,Cherry,Will
chrispa01,Christopher,Patrick
clarkjo01,Clarkson,Jordan
cooleja01,Cooley,Jack
cottobr01,Cotton,Bryce
dawkian01,Dawkins,Andre
dinwisp01,Dinwiddie,Spencer
dorsejo01,Dorsey,Joey
dragizo01,Dragic,Zoran
drewla02,Drew,Larry
earlycl01,Early,Cleanthony
ennisja01,Ennis,James
ennisty01,Ennis,Tyler
exumda01,Exum,Dante
ezelife01,Ezeli,Festus
fraziti01,Frazier,Tim
gallida01,Gallinari,Danilo
gallola01,Galloway,Langston
gordoaa01,Gordon,Aaron
gordodr01,Gordon,Drew
grantje01,Grant,Jerami
greener01,Green,Erick
greenja01,Green,JaMychal
hairspj02,Hairston,P.J.
harriga01,Harris,Gary
harrijo01,Harris,Joe
haywobr01,Haywood,Brendan
holidju01,Holiday,Justin
hoodro01,Hood,Rodney
hudsole01,Hudson,Lester
inglejo01,Ingles,Joe
jeffeco01,Jefferson,Cory
jerregr01,Jerrett,Grant
johnsni01,Johnson,Nick
johnsty01,Johnson,Tyler
jonesda02,Jones,Dahntay
jordaje01,Jordan,Jerome
kilpase01,Kilpatrick,Sean
kirkal01,Kirk,Alex
lauvejo01,Lauvergne,Joffrey
lavinza01,LaVine,Zach
leema01,Lee,Malcolm
lucaska01,Lucas,Kalin
marblde01,Marble,Devyn
mcadoja01,Michael McAdoo,James
mcdankj01,McDaniels,K.J.
mcderdo01,McDermott,Doug
mcgarmi01,McGary,Mitch
mcneaje01,McNeal,Jerel
millsel01,Millsap,Elijah
mirotni01,Mirotic,Nikola
moreler01,Moreland,Eric
napiesh01,Napier,Shabazz
noelne01,Noel,Nerlens
noguelu01,Nogueira,Lucas
nurkiju01,Nurkic,Jusuf
obryajo01,O'Bryant,Johnny
papanko01,Papanikolaou,Kostas
parkeja01,Parker,Jabari
paynead01,Payne,Adreian
paytoel01,Payton,Elfrid
poweldw01,Powell,Dwight
randlju01,Randle,Julius
richaja01,Richardson,Jason
robingl02,Robinson,Glenn
rudezda01,Rudez,Damjan
sampsja02,Sampson,JaKarr
smartma01,Smart,Marcus
smithru01,Smith,Russ
stausni01,Stauskas,Nik
stockda01,Stockton,David
stokeja01,Stokes,Jarnell
telfase01,Telfair,Sebastian
thomaty01,Thomas,Tyrus
vonleno01,Vonleh,Noah
walkebi01,Walker,Henry
warretj01,Warren,T.J.
wearda01,Wear,David
weartr01,Wear,Travis
whiteha01,Whiteside,Hassan
whittsh01,Whittington,Shayne
wiggian01,Wiggins,Andrew
wilcocj01,Wilcox,C.J.
youngja01,Young,James
alexacl01,Alexander,Cliff
anderju01,Anderson,Justin
antetth01,Antetokounmpo,Thanasis
applike01,Appling,Keith
bjeline01,Bjelica,Nemanja
bookede01,Booker,Devin
brownan02,Brown,Anthony
caulewi01,Cauley-Stein,Willie
chrisra01,Christmas,Rakeem
clarkco01,Clarke,Coty
connapa01,Connaughton,Pat
dawsobr01,Dawson,Branden
dejeabr01,Dejean-Jones,Bryce
dekkesa01,Dekker,Sam
dukandu01,Dukan,Duje
eddieja01,Eddie,Jarell
feliccr01,Felicio,Cristiano
goudean01,Goudelock,Andrew
grantje02,Grant,Jerian
harpeju01,Harper,Justin
harremo01,Harrell,Montrezl
harriaa01,Harrison,Aaron
hezonma01,Hezonja,Mario
hillida01,Hilliard,Darrun
holliro01,Hollis-Jefferson,Rondae
holmeri01,Holmes,Richaun
huertma01,Huertas,Marcelo
huestjo01,Huestis,Josh
hunterj01,Hunter,R.J.
inglida01,Inglis,Damien
johnsst04,Johnson,Stanley
jokicni01,Jokic,Nikola
jonesty01,Jones,Tyus
kaminfr01,Kaminsky,Frank
kaunsa01,Kaun,Sasha
looneke01,Looney,Kevon
lylestr01,Lyles,Trey
marjabo01,Marjanovic,Boban
martija01,Martin,Jarell
mccontj01,McConnell,T.J.
mcculch01,McCullough,Chris
mcraejo01,McRae,Jordan
mejrisa01,Mejri,Salah
mickejo01,Mickey,Jordan
montelu01,Montero,Luis
mudiaem01,Mudiay,Emmanuel
munfoxa02,Munford,Xavier
nancela02,Nance,Larry
netora01,Neto,Raul
obriejj01,O'Brien,J.J.
okafoja01,Okafor,Jahlil
oubreke01,Oubre,Kelly
pattela01,Patterson,Lamar
payneca01,Payne,Cameron
pleisti01,Plei,Tibor
portibo01,Portis,Bobby
porzikr01,Porzingis,Kristaps
powelno01,Powell,Norman
reedwi02,Reed,Willie
richajo01,Richardson,Josh
roziete01,Rozier,Terry
russeda01,Russell,D'Angelo
simmojo02,Simmons,Jonathon
stephal01,Stepheson,Alex
tavarwa01,Tavares,Edy
toupaax01,Toupane,Axel
townska01,Towns,Karl-Anthony
turnemy01,Turner,Myles
vaughra01,Vaughn,Rashad
weberbr01,Weber,Briante
weemsso01,Weems,Sonny
willial03,Williams,Alan
winslju01,Winslow,Justise
woodch01,Wood,Christian
wrighde01,Wright,Delon
youngjo01,Young,Joe
abrinal01,Abrines,Alex
bakerro01,Baker,Ron
baldwwa01,Baldwin,Wade
beaslma01,Beasley,Malik
bembrde01,Bembry,DeAndre'
bendedr01,Bender,Dragan
bentibe01,Bentil,Ben
bertada01,Bertans,Davis
bolomjo01,Bolomboy,Joel
brogdma01,Brogdon,Malcolm
brownbo02,Brown,Bobby
brownja02,Brown,Jaylen
brussni01,Brussino,Nicolas
chrisma01,Chriss,Marquese
chrisse01,Christon,Semaj
cookqu01,Cook,Quinn
davisde01,Davis,Deyonta
delanma01,Delaney,Malcolm
diallch01,Diallo,Cheick
dunnkr01,Dunn,Kris
ellenhe01,Ellenson,Henry
embiijo01,Embiid,Joel
feldeka01,Felder,Kay
ferreyo01,Ferrell,Yogi
finnedo01,Finney-Smith,Dorian
forbebr01,Forbes,Bryn
garinpa01,Garino,Patricio
gbinimi01,Gbinije,Michael
georgma01,Georges-Hunt,Marcus
gibsojo01,Gibson,Jonathan
grahatr01,Graham,Treveon
hammoaj01,Hammons,A.J.
harrian01,Harrison,Andrew
hernaju01,Hernangomez,Juan
hernawi01,Hernangomez,Willy
hieldbu01,Hield,Buddy
houseda01,House,Danuel
ingrabr01,Ingram,Brandon
jacksde01,Jackson,Demetrius
jackspi01,Jackson,Pierre
johnsbr02,Johnson,Brice
jonesda03,Jones,Damian
jonesde02,Jones,Derrick
kuzmimi01,Kuzminskas,Mindaugas
labissk01,Labissiere,Skal
laproni01,Laprovittola,Nicolas
laymaja01,Layman,Jake
leverca01,LeVert,Caris
longsh01,Long,Shawn
luwawti01,Luwawu-Cabarrot,Timothe
mcclesh01,Mac,Sheldon
makerth01,Maker,Thon
mccawpa01,McCaw,Patrick
mcgruro01,McGruder,Rodney
murrade01,Murray,Dejounte
murraja01,Murray,Jamal
ndourma01,Ndour,Maurice
niangge01,Niang,Georges
nwabada01,Nwaba,David
ochefda01,Ochefu,Daniel
onuakch01,Onuaku,Chinanu
papagge01,Papagiannis,Georgios
paytoga02,Payton,Gary
plumlma02,Plumlee,Marshall
poeltja01,Poltl,Jakob
poythal01,Poythress,Alex
quartti01,Quarterman,Tim
randlch01,Randle,Chasson
richama01,Richardson,Malachi
rodrise01,Rodriguez,Sergio
sabondo01,Sabonis,Domantas
saricda01,Saric,Dario
satorto01,Satoransky,Tomas
seldewa01,Selden,Wayne
siakapa01,Siakam,Pascal
stonedi01,Stone,Diamond
taylois01,Taylor,Isaiah
tobeymi01,Tobey,Mike
ulisty01,Ulis,Tyler
uthofja01,Uthoff,Jarrod
valende01,Valentine,Denzel
vanvlfr01,VanVleet,Fred
princta02,Waller-Prince,Taurean
whiteok01,White,Okaro
whiteis01,Whitehead,Isaiah
willitr02,Williams,Troy
wiltjky01,Wiltjer,Kyle
zimmest01,Zimmerman,Stephen
zipsepa01,Zipser,Paul
zubaciv01,Zubac,Ivica
adebaba01,Adebayo,Bam
allenja01,Allen,Jarrett
allenka01,Allen,Kadeem
anigbik01,Anigbogu,Ike
anunoog01,Anunoby,OG
arcidry01,Arcidiacono,Ryan
artisja01,Artis,Jamel
bacondw01,Bacon,Dwayne
balllo01,Ball,Lonzo
belljo01,Bell,Jordan
birchkh01,Birch,Khem
birdja01,Bird,Jabari
blakean01,Blakeney,Antonio
bogdabo01,Bogdanovic,Bogdan
bouchch01,Boucher,Chris
bradlto01,Bradley,Tony
brookdi01,Brooks,Dillon
brownst02,Brown,Sterling
bryanth01,Bryant,Thomas
carusal01,Caruso,Alex
cavanty01,Cavanaugh,Tyler
clavegi01,Clavell,Gian
clevean01,Cleveland,Antonius
collijo01,Collins,John
colliza01,Collins,Zach
colliky01,Collinsworth,Kyle
cookech01,Cooke,Charles
costema01,Costello,Matt
craigto01,Craig,Torrey
dorsety01,Dorsey,Tyler
dotsoda01,Dotson,Damyean
doylemi01,Doyle,Milton
doziepj01,Dozier,PJ
evansja01,Evans,Jawun
fergute01,Ferguson,Terrance
foxde01,Fox,De'Aaron
fultzma01,Fultz,Markelle
grayjo01,Gray,Josh
hamilda02,Hamilton,Daniel
harrish01,Harrison,Shaquille
hartjo01,Hart,Josh
hayesni01,Hayes,Nigel
hearnre01,Hearn,Reggie
henrymy01,Henry,Myke
hicksis01,Hicks,Isaiah
hollajo02,Holland,John
huntevi01,Hunter,Vince
ingraan01,Ingram,Andre
isaacjo01,Isaac,Jonathan
iwundwe01,Iwundu,Wesley
jacksaa01,Jackson,Aaron
jacksjo02,Jackson,Josh
jacksju01,Jackson,Justin
jamesmi02,James,Mike
johnsda04,Johnson,Dakari
johnsom01,Johnson,Omari
jonesja04,Jones,Jalen
kennalu01,Kennard,Luke
klebima01,Kleber,Maxi
korkmfu01,Korkmaz,Furkan
kornelu01,Kornet,Luke
kuzmaky01,Kuzma,Kyle
leaftj01,Leaf,T.J.
leeda03,Lee,Damion
lemonwa01,Lemon,Walt
lydonty01,Lydon,Tyler
magetjo01,Magette,Josh
markkla01,Markkanen,Lauri
masonfr01,Mason,Frank
mathima01,Mathiang,Mangok
mccreer01,McCree,Erik
mckintr01,McKinney-Jones,Trey
mckinal01,McKinnie,Alfonzo
millema01,Miller,Malcolm
mitchdo01,Mitchell,Donovan
mitrona01,Mitrou-Long,Naz
monkma01,Monk,Malik
moorebe01,Moore,Ben
morrija01,Morris,Jaylen
morrimo01,Morris,Monte
motlejo01,Motley,Johnathan
naderab01,Nader,Abdel
ntilila01,Ntilikina,Frank
onealro01,O'Neale,Royce
ojelese01,Ojeleye,Semi
okafoem01,Okafor,Emeka
osmande01,Osman,Cedi
paigema01,Paige,Marcus
pattoju01,Patton,Justin
paulbr01,Paul,Brandon
perralo01,Perrantes,London
peteral01,Peters,Alec
pulleja01,Pullen,Jacob
purviro01,Purvis,Rodney
qizh01,Qi,Zhou
rabbiv01,Rabb,Ivan
rathaxa01,Rathan-Mayes,Xavier
reedda01,Reed,Davon
robinde01,Robinson,Devin
silasxa01,Silas,Xavier
simmobe01,Simmons,Ben
simmoko01,Simmons,Kobi
smithde03,Smith,Dennis
sumneed01,Sumner,Edmond
swanica01,Swanigan,Caleb
tatumja01,Tatum,Jayson
teodomi01,Teodosic,Milos
theisda01,Theis,Daniel
thornsi01,Thornwell,Sindarius
wallaty01,Wallace,Tyrone
waltode01,Walton,Derrick
warneja01,Warney,Jameel
webbja01,Webb,James
whitean01,White,Andrew
whitede01,White,Derrick
wileyja01,Wiley,Jacob
wilkida02,Wilkins,Damien
willicj01,Williams,C.J.
willima05,Williams,Matt
wilsodj01,Wilson,D.J.
wilsoja02,Wilson,Jamil
yabusgu01,Yabusele,Guerschon
zizican01,Zizic,Ante
adamsja01,Adams,Jaylen
adelde01,Adel,Deng
akoonde01,Akoon-Purcell,DeVaughn
alkinra01,Alkins,Rawle
allengr01,Allen,Grayson
antetko01,Antetokounmpo,Kostas
aytonde01,Ayton,Deandre
baglema01,Bagley,Marvin
bambamo01,Bamba,Mohamed
bateske01,Bates-Diop,Keita
bertada02,Bertans,Dairis
blossja01,Blossomgame,Jaron
boldejo01,Bolden,Jonah
bongais01,Bonga,Isaac
bridgmi01,Bridges,Mikal
bridgmi02,Bridges,Miles
briscis01,Briscoe,Isaiah
broekry01,Broekhoff,Ryan
brownbr01,Brown,Bruce
browntr01,Brown,Troy
brunsja01,Brunson,Jalen
burtode02,Burton,Deonte
carteje01,Carter,Jevon
cartewe01,Carter,Wendell
caupatr01,Caupain,Troy
chealjo01,Chealey,Joe
chiozch01,Chiozza,Chris
clarkga01,Clark,Gary
colsobo01,Colson,Bonzie
creekmi01,Creek,Mitch
davisty01,Davis,Tyler
delgaan01,Delgado,Angel
derrima01,Derrickson,Marcus
diallha01,Diallo,Hamidou
divindo01,DiVincenzo,Donte
doncilu01,Doncic,Luka
duvaltr01,Duval,Trevon
edwarvi01,Edwards,Vince
eubandr01,Eubanks,Drew
evansja02,Evans,Jacob
frazime01,Frazier,Melvin
garrebi01,Garrett,Billy
gilesha01,Giles,Harry
gilgesh01,Gilgeous-Alexander,Shai
goodwbr01,Goodwin,Brandon
grahade01,Graham,Devonte'
grantdo01,Grantham,Donte
hannadu01,Hannahs,Dusty
harteis01,Hartenstein,Isaiah
highsha01,Highsmith,Haywood
holidaa01,Holiday,Aaron
huertke01,Huerter,Kevin
humphis01,Humphries,Isaac
hutchch01,Hutchison,Chandler
jacksfr01,Jackson,Frank
jacksja02,Jackson,Jaren
jeffeam01,Jefferson,Amile
johnsal02,Johnson,Alize
johnsbj01,Johnson,B.J.
jonesje01,Jones,Jemerrio
kingge03,King,George
knoxke01,Knox,Kevin
kurucro01,Kurucs,Rodions
loftoza01,Lofton,Zach
loydjo01,Loyd,Jordan
machasc01,Machado,Scott
maconda01,Macon,Daryl
macurjp01,Macura,J.P.
matenya01,Maten,Yante
mccalta01,McCall,Tahjere
meltode01,Melton,De'Anthony
metuch01,Metu,Chimezie
miltosh01,Milton,Shake
musadz01,Musa,Dzanan
mykhasv01,Mykhailiuk,Sviatoslav
okoboel01,Okobo,Elie
okogijo01,Okogie,Josh
pinsoth01,Pinson,Theo
reynoca01,Reynolds,Cameron
robindu01,Robinson,Duncan
robinje01,Robinson,Jerome
robinmi01,Robinson,Mitchell
sampsbr01,Sampson,Brandon
sextoco01,Sexton,Collin
shamela01,Shamet,Landry
siberjo01,Sibert,Jordan
simonan01,Simons,Anfernee
smithzh01,Smith,Zhaire
spaldra01,Spalding,Ray
spellom01,Spellman,Omari
terreja01,Terrell,Jared
terryem01,Terry,Emanuel
thomakh01,Thomas,Khyri
trentga02,Trent,Gary
trieral01,Trier,Allonzo
vandeja01,Vanderbilt,Jarred
wagnemo01,Wagner,Moritz
walkelo01,Walker,Lonnie
wanambr01,Wanamaker,Brad
washbju01,Washburn,Julian
watanyu01,Watanabe,Yuta
welshth01,Welsh,Thomas
willijo04,Williams,Johnathan
willike04,Williams,Kenrich
williro04,Williams,Robert
youngtr01,Young,Trae
